# package	version	architecture	filename	sha256	pages_source_commit
mema	0.0.1	all	mema.deb	e8134332355ffe2ff73a7e31dff7f66053598bea48a2c53ab51856146ef4e291	ef6bc48e5b5f2fb670150fdba94ab3770de782c7
mema	0.0.1	amd64	mema_0.0.1_amd64.deb	ff0cc82a785461f93979f5a8e6908377b5172c1ed5a23702c5e817c76714df11	2ff8a8a2a4acc6af1df4cd281b00e8257f7cb747
mema	0.2	amd64	mema_0.2_amd64.deb	aa1476c3f8a1c56d79725accb9f89ec145f2e818b1f440a8f25bf16d2a4a484b	5ad442fbce17184ad9aad34f9bb99c29ab318310
mema	0.2	riscv64	mema_0.2_riscv64.deb	76b6af9cf927a62296c483350e65fa67966d1bafe89c7b9318a46133d75e64a2	5ad442fbce17184ad9aad34f9bb99c29ab318310
mema	0.3	amd64	mema_0.3_amd64.deb	ade6649286fc4e324788c194e7e200adb5b608f50973d2a717a90b595754522e	723f636c60acfc492e3f54edaa068a56bcd39730
mema	0.3	riscv64	mema_0.3_riscv64.deb	e5c0597cee8f5aed1f1dd312fc713579ac6ffa7317eb9ffa2cdaf20a7133fdc0	723f636c60acfc492e3f54edaa068a56bcd39730
mema	0.3.1	amd64	mema_0.3.1_amd64.deb	cd34efb876b95ba1fc50093d978d1cef57861a04cb0e346aadae6c2cd9efed72	b6f0d03e7e54159012cfcc477bed77cc1e2589cc
mema	0.3.1	riscv64	mema_0.3.1_riscv64.deb	1b583c70915ab47e3d6764e8716c2765f540e969dd32e2e9a5e71e8c08fe2c48	b6f0d03e7e54159012cfcc477bed77cc1e2589cc
mema	0.3.2	amd64	mema_0.3.2_amd64.deb	067932741d7c5ef99c545be06179c66de2253c158ecff448b3d72ad62f57bcad	e1b5206ccd5ae4970d6e0a800427c94d12074770
mema	0.3.2	riscv64	mema_0.3.2_riscv64.deb	cddd13d696df42e55480d3292d5a8d47f2701c475df62d3da1de177c3cdaba0c	e1b5206ccd5ae4970d6e0a800427c94d12074770
mema	0.3.3	amd64	mema_0.3.3_amd64.deb	2b32afd35ef47430c9b2546a120370e16b6da874292be820fb9f4794890d7601	a809999790745ffb03d7798d3b489c88ef2278aa
mema	0.3.3	riscv64	mema_0.3.3_riscv64.deb	3561cfde64bc5c249a526ce6499433c29902f8a345f3cf91b2ba4e5eab9af58c	a809999790745ffb03d7798d3b489c88ef2278aa
mema	0.3.4	amd64	mema_0.3.4_amd64.deb	ab989c531d151994d3ea3ef28ccc7002dbadadd1485f4f327a499af3de0726ee	5ac5655e76e787daf7084215a6f681e52e0b51a9
mema	0.3.4	riscv64	mema_0.3.4_riscv64.deb	58916894eead52bbbfbcfc1fb2c5a4007f794ccba056f7a96ccfb16b7ae57e3a	5ac5655e76e787daf7084215a6f681e52e0b51a9
mema	0.4.0	amd64	mema_0.4.0_amd64.deb	ae072176d9d858a57961d011cc92e0f837a3729025eb2dd5259f57e17feac667	ce5daa7549260678ab8386a9faf69e2abd612ae0
mema	0.4.0	riscv64	mema_0.4.0_riscv64.deb	491af4e1cb89f2109c8922e0c188f0cbfa85dc5a74989c06e43b0c233a092339	ce5daa7549260678ab8386a9faf69e2abd612ae0
mema	0.4.1	amd64	mema_0.4.1_amd64.deb	5ce0a1af2e2a7a32cd9e072d7178529a35978ee60d36d9c8111243e4c319278a	e7927fbaf293ff3f9836a9f45452a936a91f7b7e
mema	0.4.1	riscv64	mema_0.4.1_riscv64.deb	2bcbda62dec7c182f60c70bc8837c45ed54e53c5b2c75e25ab02fb57cecb7449	e7927fbaf293ff3f9836a9f45452a936a91f7b7e
mema-bun	1.3.14	all	mema-bun_1.3.14_all.deb	ac4e270b0a9bb808c448e1e43e058d83cc4856170599d354f7a2c366c95546c7	62ab92a70a763274820ac861492b07a614f82b40
mema-bun	1.3.14	amd64	mema-bun_1.3.14_amd64.deb	b33ea3055d141e4f73d2646da17ed71d382fd8749b7c8c3f74e1e558d59b454e	5ad442fbce17184ad9aad34f9bb99c29ab318310
mema-bun	1.3.14	riscv64	mema-bun_1.3.14_riscv64.deb	8c80c086157b13688748369ef804255a003be85ceec2ece9ece8e1f86bf66f57	06c64705539f6998078f52272bfdb5a47a7cc2ee
mema-bun	1.3.14-1	amd64	mema-bun_1.3.14-1_amd64.deb	49ea0882e8eaa939977848ce61faa32f73dad2d7847a31ea02c7ff1e2b6c88a2	e7927fbaf293ff3f9836a9f45452a936a91f7b7e
mema-deno	2.9.5	all	mema-deno_2.9.5_all.deb	c4c9ddf089691cb96a30197f91d5d2ef400c8d11f932b58e0058e08da3f30b39	62ab92a70a763274820ac861492b07a614f82b40
mema-deno	2.9.5	amd64	mema-deno_2.9.5_amd64.deb	be257d4b9de40d79177fa7b2f1ca569165fbd1bf06d171ed8a9a6bdbb4c9075f	e7927fbaf293ff3f9836a9f45452a936a91f7b7e
mema-deno	2.9.5	riscv64	mema-deno_2.9.5_riscv64.deb	6938486470466c4ecd9792ed712927a1f6368e060161814f86b929571219d409	06c64705539f6998078f52272bfdb5a47a7cc2ee
mema-deno-latest	1	amd64	mema-deno-latest_1_amd64.deb	f2a50eeaf65533d33c22b52819171dec96982cb3f9b6be5f6d1202e0a4d6f210	e7927fbaf293ff3f9836a9f45452a936a91f7b7e
mema-go	0.1	all	mema-go_0.1_all.deb	c17091e16a4fad549549c6ddc13a3348e9ac7e95d2ed2cc4cda4bf227732db42	3f38cce947db7a022ac0271d3b96de606aec8d60
mema-go	1.26.5	all	mema-go_1.26.5_all.deb	2d470814ee905b96b196e6445f346121f4e5b775d18a3ae0133b400ff843d68d	62ab92a70a763274820ac861492b07a614f82b40
mema-go	1.26.5	amd64	mema-go_1.26.5_amd64.deb	ad7b5e1a3efc6e4ad734cd50879816c3690cd43a513b921f017b2a0d1f506416	e7927fbaf293ff3f9836a9f45452a936a91f7b7e
mema-go	1.26.5	riscv64	mema-go_1.26.5_riscv64.deb	86302295d81aa9d1cd91cb4165aa4b0db6e4690f77a5592dfc52e03c1ef5cabe	06c64705539f6998078f52272bfdb5a47a7cc2ee
mema-go-latest	1	amd64	mema-go-latest_1_amd64.deb	9a79bab1e8d17b80f463c0365e527751bd15d375f783729cd6ad082354fd0141	e7927fbaf293ff3f9836a9f45452a936a91f7b7e
mema-lib-display-info	0.2.0	all	mema-lib-display-info_0.2.0_all.deb	f3da101350a3a261455e727915aaf5a0e56b9503983149b2d0153963bb321564	62ab92a70a763274820ac861492b07a614f82b40
mema-lib-display-info	0.2.0	amd64	mema-lib-display-info_0.2.0_amd64.deb	0a8999da8f9a1bffe68e5b3cbe56648cfa052cb41177095951c38579f1d8fdb3	e7927fbaf293ff3f9836a9f45452a936a91f7b7e
mema-lib-display-info	0.2.0	riscv64	mema-lib-display-info_0.2.0_riscv64.deb	ee62926b1ec7e1b2783566181bf2472a675fa347357e38e0a63a51631d90c226	06c64705539f6998078f52272bfdb5a47a7cc2ee
mema-lib-display-info-latest	1	amd64	mema-lib-display-info-latest_1_amd64.deb	214511fa93023a16b2db5c63a9f18702155d09aec065d5965bd13328d45e7248	e7927fbaf293ff3f9836a9f45452a936a91f7b7e
mema-lib-expat	2.5.0	all	mema-lib-expat_2.5.0_all.deb	66fba809c44ecd6159c6db922f5a519242997c12c21378313fa52cfa6149e527	62ab92a70a763274820ac861492b07a614f82b40
mema-lib-expat	2.5.0	amd64	mema-lib-expat_2.5.0_amd64.deb	b0d6fe542370c470d66221ba9a3e98845c2d5936eba25e11eb39d1836040a0a5	e7927fbaf293ff3f9836a9f45452a936a91f7b7e
mema-lib-expat	2.5.0	riscv64	mema-lib-expat_2.5.0_riscv64.deb	3470d1670372f24669a0e2e3843dfde3ca56db714ff0c1ac7435eb706e84bbd0	06c64705539f6998078f52272bfdb5a47a7cc2ee
mema-lib-expat-latest	1	amd64	mema-lib-expat-latest_1_amd64.deb	33ca132bde040a8abf36ee9e08d8c3bec0fda9d19fc16dbe86a7f652d428dfb2	e7927fbaf293ff3f9836a9f45452a936a91f7b7e
mema-lib-libffi	3.4.4	all	mema-lib-libffi_3.4.4_all.deb	fe80cdd3112c03412464102ad30d63f034153a39ef5d36f147a28e69522bd3ad	62ab92a70a763274820ac861492b07a614f82b40
mema-lib-libffi	3.4.4	amd64	mema-lib-libffi_3.4.4_amd64.deb	a0b9ae4fcdc915f83d063fc7ad3b5d801bc0c4d1b923fa9bc3bada175f5447dd	0a889fc1c31ffcfe1fdcba941250577615348064
mema-lib-libffi	3.4.4	riscv64	mema-lib-libffi_3.4.4_riscv64.deb	40a4a7bdc24a1c90a09eab0188e9e61b092b09a269fec1b3235b3022c98197c1	06c64705539f6998078f52272bfdb5a47a7cc2ee
mema-lib-libffi	3.4.6	amd64	mema-lib-libffi_3.4.6_amd64.deb	9ff62fd553adcb9af4fe7fe124734087347e0d01ae3fab6cb57a9bb7df9c8c73	e7927fbaf293ff3f9836a9f45452a936a91f7b7e
mema-lib-libffi-latest	1	amd64	mema-lib-libffi-latest_1_amd64.deb	41af8c112afc3cdaa5b8936968df7efb8e496e49633b0926a9793f95cb14de1e	e7927fbaf293ff3f9836a9f45452a936a91f7b7e
mema-lib-xml2	2.9.14	all	mema-lib-xml2_2.9.14_all.deb	a7e28e8c8cc290d9f63fe96ab50501a6d8ba978c1a41209769cf0c54c364f468	62ab92a70a763274820ac861492b07a614f82b40
mema-lib-xml2	2.9.14	amd64	mema-lib-xml2_2.9.14_amd64.deb	47d2a3fed8fa9203e1df17b2d1b7cf3180e143847af1c614a0bc5009fa8f252b	e7927fbaf293ff3f9836a9f45452a936a91f7b7e
mema-lib-xml2	2.9.14	riscv64	mema-lib-xml2_2.9.14_riscv64.deb	5a15619101e84f29ab3bf40b13a003613147c69e0ce7f9cc247a88b7d87f1b85	06c64705539f6998078f52272bfdb5a47a7cc2ee
mema-lib-xml2-latest	1	amd64	mema-lib-xml2-latest_1_amd64.deb	2b0fa0db8655b4c28c0fa4e8f922a8a6e278177767181225e71218da750ba881	e7927fbaf293ff3f9836a9f45452a936a91f7b7e
mema-node	24.19.0	all	mema-node_24.19.0_all.deb	0967e91912be1567842d57ecb9ab95754f9e168481c068a2f6832dd5a3c8546f	62ab92a70a763274820ac861492b07a614f82b40
mema-node	24.19.0	amd64	mema-node_24.19.0_amd64.deb	5ba20c08e7196459c1c5da7739b241f630a301741f2e5aa9feb1405a68a5f47c	e7927fbaf293ff3f9836a9f45452a936a91f7b7e
mema-node-latest	1	amd64	mema-node-latest_1_amd64.deb	94992f7954be401d5d02783fd1eb8cf0c6ed241abfa9d26b0105fdbec085d103	e7927fbaf293ff3f9836a9f45452a936a91f7b7e
mema-php	8.5.9	all	mema-php_8.5.9_all.deb	84c0a4608a860cd7481c9975a64287183302c99c0137af57431ffa8b8d2dba07	62ab92a70a763274820ac861492b07a614f82b40
mema-php	8.5.9	amd64	mema-php_8.5.9_amd64.deb	93e9e756fb10dd7ca21bfa0d94153ee9f6ba75a5310d062c88635ba44579bb56	e7927fbaf293ff3f9836a9f45452a936a91f7b7e
mema-php	8.5.9	riscv64	mema-php_8.5.9_riscv64.deb	4d7e58ddeade07e6f7b141b546cb9bcd5b4dc0f9429fd4726d2599d812502f4c	06c64705539f6998078f52272bfdb5a47a7cc2ee
mema-python	3.14.7	all	mema-python_3.14.7_all.deb	269a3efac2b3830c116ef78f00cd9c0109b95ecabcb62ef0a33268341d061f22	62ab92a70a763274820ac861492b07a614f82b40
mema-python	3.14.7	amd64	mema-python_3.14.7_amd64.deb	0b03f111cf0ddb32d24bfab41b0eef92b8407df1625240dfab1b4ddbaca752a3	e7927fbaf293ff3f9836a9f45452a936a91f7b7e
mema-python	3.14.7	riscv64	mema-python_3.14.7_riscv64.deb	cba031e710396b859fa1f7c5e65441ae927b6890df7c54772c983a8280e2ef98	06c64705539f6998078f52272bfdb5a47a7cc2ee
mema-python-latest	1	amd64	mema-python-latest_1_amd64.deb	4fb1ceceef7845215460e9123922d3d7f80f7f185c3c76b39511ad411b99bc4d	e7927fbaf293ff3f9836a9f45452a936a91f7b7e
mema-ruby	3.4.10	all	mema-ruby_3.4.10_all.deb	e389b9aa19047af0f500fedef9b70423a83cc905eda4366722c2d6ef7ab350dc	62ab92a70a763274820ac861492b07a614f82b40
mema-ruby	3.4.10	amd64	mema-ruby_3.4.10_amd64.deb	2c010873d1b891fb2030d07edcd3daed6ee0a9ec93007059061a44db33e75350	e7927fbaf293ff3f9836a9f45452a936a91f7b7e
mema-ruby	3.4.10	riscv64	mema-ruby_3.4.10_riscv64.deb	5512e4d25cee43662b4fc41be4f5abc3b659f897e8fecf71a48fc2f399f39506	06c64705539f6998078f52272bfdb5a47a7cc2ee
mema-rust	1.97.1	all	mema-rust_1.97.1_all.deb	ddf47aaa729c51aef5548adc31554bb498f17c377dc2973c2813dfbd4fb85412	62ab92a70a763274820ac861492b07a614f82b40
mema-rust	1.97.1	amd64	mema-rust_1.97.1_amd64.deb	51c896b315b9799467676b5787eca809a1b17e55d23beca69bed31b84bea20f4	e7927fbaf293ff3f9836a9f45452a936a91f7b7e
mema-rust	1.97.1	riscv64	mema-rust_1.97.1_riscv64.deb	2439a8f4cb82e4089a0a4af4b12ca49257ab125e9f9669f840ea78c204a4f4a2	06c64705539f6998078f52272bfdb5a47a7cc2ee
mema-rust-latest	1	amd64	mema-rust-latest_1_amd64.deb	bd6f93a13a057a332406ac7e8b728ccf4aa0c7a8dafc7a40dea5702d8769b200	e7927fbaf293ff3f9836a9f45452a936a91f7b7e
mema-sway	1.9	all	mema-sway_1.9_all.deb	9b51a59dd68796b7f34c0a16e70d34355c2468da1a29c8c625dd181acee41584	62ab92a70a763274820ac861492b07a614f82b40
mema-sway	1.9	amd64	mema-sway_1.9_amd64.deb	6c9d366880e6bc7bdc0661277f90f4f234cb5410f83591265e278b2f64be837f	e7927fbaf293ff3f9836a9f45452a936a91f7b7e
mema-sway	1.9	riscv64	mema-sway_1.9_riscv64.deb	152fb83dd6b1974d8a51b4f59825babe0042746727272d93f559ae87dbb38b08	06c64705539f6998078f52272bfdb5a47a7cc2ee
mema-wayland	1.23.1	all	mema-wayland_1.23.1_all.deb	8f40432c43e8a1a7709dff8b3e4999cb282a749bb1e10050d2c6260a972c132e	62ab92a70a763274820ac861492b07a614f82b40
mema-wayland	1.23.1	amd64	mema-wayland_1.23.1_amd64.deb	d70aa4276327092f2183f2a5839b83cb7ea5aa4af1069cac7f82527f1391ca98	e7927fbaf293ff3f9836a9f45452a936a91f7b7e
mema-wayland	1.23.1	riscv64	mema-wayland_1.23.1_riscv64.deb	e9a52551e8cd59508675ba36bda2b86e9aeb77756d037873eb34dd25c37b42dc	06c64705539f6998078f52272bfdb5a47a7cc2ee
mema-wayland-protocols	1.43	all	mema-wayland-protocols_1.43_all.deb	6927bdebb7694e3200d9bede622ba7f487e937a2840d4d04748f11b4b0836bb0	62ab92a70a763274820ac861492b07a614f82b40
mema-wayland-protocols	1.43	amd64	mema-wayland-protocols_1.43_amd64.deb	ca79de2688a7356cc50ccae521b4670b73889ecd12e85395b4da18af59229143	e7927fbaf293ff3f9836a9f45452a936a91f7b7e
mema-wayland-protocols	1.43	riscv64	mema-wayland-protocols_1.43_riscv64.deb	060a316b2ecef990fc510ff5914a69408638936a3d16273e5f4d5dab7e0af9e6	e7927fbaf293ff3f9836a9f45452a936a91f7b7e
mema-wayland-protocols-latest	1	amd64	mema-wayland-protocols-latest_1_amd64.deb	2dfd41fe45bee526775d777c4ef894a1ffbf87de35e26fdc238227240bd536fa	e7927fbaf293ff3f9836a9f45452a936a91f7b7e
mema-wayland-protocols-latest	1	riscv64	mema-wayland-protocols-latest_1_riscv64.deb	48c4b7eb3edcdc29b0e0808484db21e52dde47adaff02dabfbb4e1a5f036cd3f	e7927fbaf293ff3f9836a9f45452a936a91f7b7e
mema-wlroots	0.17.2	all	mema-wlroots_0.17.2_all.deb	69793308ceae4c6feef60a2d771658f74dca534c330782754a274d0bc0142508	62ab92a70a763274820ac861492b07a614f82b40
mema-wlroots	0.17.2	amd64	mema-wlroots_0.17.2_amd64.deb	43354ce499cabf9fe7a5df6199b93123985935122dee6bf27d4100881d53a428	e7927fbaf293ff3f9836a9f45452a936a91f7b7e
mema-wlroots	0.17.2	riscv64	mema-wlroots_0.17.2_riscv64.deb	6ca4d530ce46a11de966e41cecdc0df1cda50feb87411c16be98868d966d400e	06c64705539f6998078f52272bfdb5a47a7cc2ee
